{"cameraMode":{"drawMode":0,"name":"Shaded","section":"Shading Mode"},"sceneLighting":true,"audioPlay":false,"sceneViewState":{"showFog":true,"showMaterialUpdate":false,"showSkybox":true,"showFlares":true,"showImageEffects":true,"showParticleSystems":true},"in2DMode":false,"pivot":{"x":-0.07114614546298981,"y":1.0073806047439576,"z":-0.5229717493057251},"rotation":{"x":-0.4311895966529846,"y":-0.002167518949136138,"z":0.0010377323487773538,"w":-0.902263879776001},"size":3.766906976699829,"orthographic":false}