{"cameraMode":{"drawMode":0,"name":"Shaded","section":"Shading Mode"},"sceneLighting":false,"audioPlay":false,"sceneViewState":{"showFog":false,"showMaterialUpdate":false,"showSkybox":false,"showFlares":false,"showImageEffects":false,"showParticleSystems":false},"in2DMode":false,"pivot":{"x":13.475916862487793,"y":-19.491397857666017,"z":105.58486938476563},"rotation":{"x":-0.11463666707277298,"y":-0.012508004903793335,"z":0.001447512535378337,"w":-0.9933357238769531},"size":82.28524017333985,"orthographic":true}