{"cameraMode":{"drawMode":0,"name":"Shaded","section":"Shading Mode"},"sceneLighting":false,"audioPlay":false,"sceneViewState":{"showFog":false,"showMaterialUpdate":false,"showSkybox":false,"showFlares":false,"showImageEffects":false,"showParticleSystems":false},"in2DMode":false,"pivot":{"x":-10.800000190734864,"y":4.329999923706055,"z":-1.5099999904632569},"rotation":{"x":0.31029266119003298,"y":-0.5790511965751648,"z":0.25298020243644717,"w":0.7102301120758057},"size":5.475098133087158,"orthographic":true}