{"cameraMode":{"drawMode":0,"name":"Shaded","section":"Shading Mode"},"sceneLighting":false,"audioPlay":false,"sceneViewState":{"showFog":true,"showMaterialUpdate":false,"showSkybox":false,"showFlares":true,"showImageEffects":true,"showParticleSystems":true},"in2DMode":false,"pivot":{"x":1.037076473236084,"y":6.6688642501831059,"z":-0.4108548164367676},"rotation":{"x":-0.10937979817390442,"y":-0.5058833956718445,"z":0.0648488849401474,"w":-0.8532137274742127},"size":22.728290557861329,"orthographic":false}